[{"model": "admin.logentry", "pk": 1, "fields": {"action_time": "2022-07-20T18:35:16.839Z", "user": 1, "content_type": 8, "object_id": "1", "object_repr": "benna cp", "action_flag": 1, "change_message": "[{\"added\": {}}]"}}, {"model": "admin.logentry", "pk": 2, "fields": {"action_time": "2022-07-21T11:14:46.532Z", "user": 1, "content_type": 7, "object_id": "2", "object_repr": "hello", "action_flag": 3, "change_message": ""}}, {"model": "admin.logentry", "pk": 3, "fields": {"action_time": "2022-07-21T11:14:46.549Z", "user": 1, "content_type": 7, "object_id": "1", "object_repr": "hello", "action_flag": 3, "change_message": ""}}, {"model": "admin.logentry", "pk": 4, "fields": {"action_time": "2022-07-21T11:16:39.837Z", "user": 1, "content_type": 7, "object_id": "5", "object_repr": "hello", "action_flag": 2, "change_message": "[{\"changed\": {\"fields\": [\"Description\", \"Featured image\"]}}]"}}, {"model": "admin.logentry", "pk": 5, "fields": {"action_time": "2022-07-21T11:16:50.237Z", "user": 1, "content_type": 7, "object_id": "4", "object_repr": "hello", "action_flag": 2, "change_message": "[{\"changed\": {\"fields\": [\"Description\", \"Featured image\"]}}]"}}, {"model": "admin.logentry", "pk": 6, "fields": {"action_time": "2022-07-21T11:17:11.582Z", "user": 1, "content_type": 7, "object_id": "3", "object_repr": "hello", "action_flag": 2, "change_message": "[{\"changed\": {\"fields\": [\"Description\", \"Featured image\"]}}]"}}, {"model": "admin.logentry", "pk": 7, "fields": {"action_time": "2022-07-21T11:20:45.544Z", "user": 1, "content_type": 8, "object_id": "1", "object_repr": "shijah", "action_flag": 2, "change_message": "[{\"changed\": {\"fields\": [\"Name\"]}}]"}}, {"model": "admin.logentry", "pk": 8, "fields": {"action_time": "2022-07-21T11:20:48.680Z", "user": 1, "content_type": 7, "object_id": "3", "object_repr": "hello", "action_flag": 2, "change_message": "[]"}}, {"model": "admin.logentry", "pk": 9, "fields": {"action_time": "2022-07-21T11:21:08.480Z", "user": 1, "content_type": 8, "object_id": "1", "object_repr": "pro kaada", "action_flag": 2, "change_message": "[{\"changed\": {\"fields\": [\"Name\"]}}]"}}, {"model": "admin.logentry", "pk": 10, "fields": {"action_time": "2022-07-21T11:21:15.859Z", "user": 1, "content_type": 8, "object_id": "1", "object_repr": "kaada", "action_flag": 2, "change_message": "[{\"changed\": {\"fields\": [\"Name\"]}}]"}}, {"model": "admin.logentry", "pk": 11, "fields": {"action_time": "2022-07-21T11:21:17.208Z", "user": 1, "content_type": 7, "object_id": "4", "object_repr": "hello", "action_flag": 2, "change_message": "[]"}}, {"model": "admin.logentry", "pk": 12, "fields": {"action_time": "2022-07-21T11:21:28.762Z", "user": 1, "content_type": 8, "object_id": "1", "object_repr": "pro basi", "action_flag": 2, "change_message": "[{\"changed\": {\"fields\": [\"Name\"]}}]"}}, {"model": "admin.logentry", "pk": 13, "fields": {"action_time": "2022-07-21T11:21:29.797Z", "user": 1, "content_type": 7, "object_id": "5", "object_repr": "hello", "action_flag": 2, "change_message": "[]"}}, {"model": "admin.logentry", "pk": 14, "fields": {"action_time": "2022-07-21T11:21:47.388Z", "user": 1, "content_type": 7, "object_id": "5", "object_repr": "hello", "action_flag": 2, "change_message": "[]"}}, {"model": "admin.logentry", "pk": 15, "fields": {"action_time": "2022-07-21T11:33:58.235Z", "user": 1, "content_type": 7, "object_id": "5", "object_repr": "hello", "action_flag": 3, "change_message": ""}}, {"model": "admin.logentry", "pk": 16, "fields": {"action_time": "2022-07-21T11:33:58.292Z", "user": 1, "content_type": 7, "object_id": "4", "object_repr": "hello", "action_flag": 3, "change_message": ""}}, {"model": "admin.logentry", "pk": 17, "fields": {"action_time": "2022-07-21T11:33:58.306Z", "user": 1, "content_type": 7, "object_id": "3", "object_repr": "hello", "action_flag": 3, "change_message": ""}}, {"model": "admin.logentry", "pk": 18, "fields": {"action_time": "2022-07-21T11:42:46.052Z", "user": 1, "content_type": 9, "object_id": "7", "object_repr": "sofrskill", "action_flag": 1, "change_message": "[{\"added\": {}}]"}}, {"model": "admin.logentry", "pk": 19, "fields": {"action_time": "2022-07-21T11:43:37.513Z", "user": 1, "content_type": 7, "object_id": "8", "object_repr": "Basi's Blog", "action_flag": 2, "change_message": "[{\"changed\": {\"fields\": [\"Categories\"]}}]"}}, {"model": "admin.logentry", "pk": 20, "fields": {"action_time": "2022-07-21T11:43:56.810Z", "user": 1, "content_type": 7, "object_id": "8", "object_repr": "Basi's Blog", "action_flag": 2, "change_message": "[{\"changed\": {\"fields\": [\"Categories\"]}}]"}}, {"model": "auth.permission", "pk": 1, "fields": {"name": "Can add log entry", "content_type": 1, "codename": "add_logentry"}}, {"model": "auth.permission", "pk": 2, "fields": {"name": "Can change log entry", "content_type": 1, "codename": "change_logentry"}}, {"model": "auth.permission", "pk": 3, "fields": {"name": "Can delete log entry", "content_type": 1, "codename": "delete_logentry"}}, {"model": "auth.permission", "pk": 4, "fields": {"name": "Can view log entry", "content_type": 1, "codename": "view_logentry"}}, {"model": "auth.permission", "pk": 5, "fields": {"name": "Can add permission", "content_type": 2, "codename": "add_permission"}}, {"model": "auth.permission", "pk": 6, "fields": {"name": "Can change permission", "content_type": 2, "codename": "change_permission"}}, {"model": "auth.permission", "pk": 7, "fields": {"name": "Can delete permission", "content_type": 2, "codename": "delete_permission"}}, {"model": "auth.permission", "pk": 8, "fields": {"name": "Can view permission", "content_type": 2, "codename": "view_permission"}}, {"model": "auth.permission", "pk": 9, "fields": {"name": "Can add group", "content_type": 3, "codename": "add_group"}}, {"model": "auth.permission", "pk": 10, "fields": {"name": "Can change group", "content_type": 3, "codename": "change_group"}}, {"model": "auth.permission", "pk": 11, "fields": {"name": "Can delete group", "content_type": 3, "codename": "delete_group"}}, {"model": "auth.permission", "pk": 12, "fields": {"name": "Can view group", "content_type": 3, "codename": "view_group"}}, {"model": "auth.permission", "pk": 13, "fields": {"name": "Can add user", "content_type": 4, "codename": "add_user"}}, {"model": "auth.permission", "pk": 14, "fields": {"name": "Can change user", "content_type": 4, "codename": "change_user"}}, {"model": "auth.permission", "pk": 15, "fields": {"name": "Can delete user", "content_type": 4, "codename": "delete_user"}}, {"model": "auth.permission", "pk": 16, "fields": {"name": "Can view user", "content_type": 4, "codename": "view_user"}}, {"model": "auth.permission", "pk": 17, "fields": {"name": "Can add content type", "content_type": 5, "codename": "add_contenttype"}}, {"model": "auth.permission", "pk": 18, "fields": {"name": "Can change content type", "content_type": 5, "codename": "change_contenttype"}}, {"model": "auth.permission", "pk": 19, "fields": {"name": "Can delete content type", "content_type": 5, "codename": "delete_contenttype"}}, {"model": "auth.permission", "pk": 20, "fields": {"name": "Can view content type", "content_type": 5, "codename": "view_contenttype"}}, {"model": "auth.permission", "pk": 21, "fields": {"name": "Can add session", "content_type": 6, "codename": "add_session"}}, {"model": "auth.permission", "pk": 22, "fields": {"name": "Can change session", "content_type": 6, "codename": "change_session"}}, {"model": "auth.permission", "pk": 23, "fields": {"name": "Can delete session", "content_type": 6, "codename": "delete_session"}}, {"model": "auth.permission", "pk": 24, "fields": {"name": "Can view session", "content_type": 6, "codename": "view_session"}}, {"model": "auth.permission", "pk": 25, "fields": {"name": "Can add posts", "content_type": 7, "codename": "add_posts"}}, {"model": "auth.permission", "pk": 26, "fields": {"name": "Can change posts", "content_type": 7, "codename": "change_posts"}}, {"model": "auth.permission", "pk": 27, "fields": {"name": "Can delete posts", "content_type": 7, "codename": "delete_posts"}}, {"model": "auth.permission", "pk": 28, "fields": {"name": "Can view posts", "content_type": 7, "codename": "view_posts"}}, {"model": "auth.permission", "pk": 29, "fields": {"name": "Can add author", "content_type": 8, "codename": "add_author"}}, {"model": "auth.permission", "pk": 30, "fields": {"name": "Can change author", "content_type": 8, "codename": "change_author"}}, {"model": "auth.permission", "pk": 31, "fields": {"name": "Can delete author", "content_type": 8, "codename": "delete_author"}}, {"model": "auth.permission", "pk": 32, "fields": {"name": "Can view author", "content_type": 8, "codename": "view_author"}}, {"model": "auth.permission", "pk": 33, "fields": {"name": "Can add category", "content_type": 9, "codename": "add_category"}}, {"model": "auth.permission", "pk": 34, "fields": {"name": "Can change category", "content_type": 9, "codename": "change_category"}}, {"model": "auth.permission", "pk": 35, "fields": {"name": "Can delete category", "content_type": 9, "codename": "delete_category"}}, {"model": "auth.permission", "pk": 36, "fields": {"name": "Can view category", "content_type": 9, "codename": "view_category"}}, {"model": "auth.user", "pk": 1, "fields": {"password": "pbkdf2_sha256$320000$M3NW5e43YIZRmTYdC0AJV5$570Bo7ihn5RN/v9DEC9POANZUp7vAzvAmI9mUamT8Ow=", "last_login": "2022-07-25T10:21:53.025Z", "is_superuser": true, "username": "benna", "first_name": "", "last_name": "", "email": "", "is_staff": true, "is_active": true, "date_joined": "2022-07-19T11:52:37.031Z", "groups": [], "user_permissions": []}}, {"model": "auth.user", "pk": 2, "fields": {"password": "pbkdf2_sha256$320000$zMdSyMylcK7mIf0Ub4ZGxE$YycgTqQRvXw2v5qnNTlCmLIUtM8i/Q45s4xrYERDt3I=", "last_login": "2022-07-20T09:33:06.299Z", "is_superuser": false, "username": "ramees", "first_name": "ramees", "last_name": "k", "email": "ramees@example.com", "is_staff": false, "is_active": true, "date_joined": "2022-07-20T09:30:59.820Z", "groups": [], "user_permissions": []}}, {"model": "auth.user", "pk": 3, "fields": {"password": "pbkdf2_sha256$320000$2QCMbJK6fRjeoAXjCm9wOZ$eH5VoGowdDOaGkuIrxL5zfJ2CBu+Pzvd9HWdZRqWlw8=", "last_login": "2022-07-20T09:41:20.666Z", "is_superuser": false, "username": "user1", "first_name": "", "last_name": "", "email": "", "is_staff": false, "is_active": true, "date_joined": "2022-07-20T09:41:20.127Z", "groups": [], "user_permissions": []}}, {"model": "auth.user", "pk": 4, "fields": {"password": "pbkdf2_sha256$320000$V5lgjoXSkudMPhNpvd27Yi$RaPhXuYszojUo58oNa/5+BoWhTi0sOp/MV2AUiRTtos=", "last_login": "2022-07-21T11:41:47.807Z", "is_superuser": false, "username": "Akshay", "first_name": "akshay", "last_name": "k", "email": "akshay@example.com", "is_staff": false, "is_active": true, "date_joined": "2022-07-21T11:30:07.121Z", "groups": [], "user_permissions": []}}, {"model": "auth.user", "pk": 5, "fields": {"password": "pbkdf2_sha256$320000$R4iKXiVV31hiGWFoxiotKv$Ho7xQg2ub4SazBA8QxQh9yj4JCJpHXf9dzSg36jqVc4=", "last_login": "2022-07-21T11:34:57.618Z", "is_superuser": false, "username": "shijah", "first_name": "shijah", "last_name": "kannur", "email": "shijah@example.com", "is_staff": false, "is_active": true, "date_joined": "2022-07-21T11:34:56.998Z", "groups": [], "user_permissions": []}}, {"model": "auth.user", "pk": 6, "fields": {"password": "pbkdf2_sha256$320000$syuiNt7tys8x9V8gU7U2U3$G/PkQNT+sIp1E+sa8Cz6PZOuOExdvIbLcCrgzHj+WTs=", "last_login": "2022-07-21T11:39:18.043Z", "is_superuser": false, "username": "Basi", "first_name": "Basi", "last_name": "Pro", "email": "basi@example.com", "is_staff": false, "is_active": true, "date_joined": "2022-07-21T11:39:17.469Z", "groups": [], "user_permissions": []}}, {"model": "auth.user", "pk": 7, "fields": {"password": "pbkdf2_sha256$320000$8TlrHl1JA5O473BNQ2V8Hn$QM4V5iAEm9TdOchBxMUBPHXIqj34eRxvlzYtf/twHKQ=", "last_login": "2022-07-25T10:22:20.334Z", "is_superuser": false, "username": "faseen", "first_name": "faseen", "last_name": "kannur", "email": "faseen@example.com", "is_staff": false, "is_active": true, "date_joined": "2022-07-21T11:46:48.985Z", "groups": [], "user_permissions": []}}, {"model": "auth.user", "pk": 8, "fields": {"password": "pbkdf2_sha256$320000$6vTU4lwhbF7xKSA6EMgYvx$qyddMTm7q7pW05F8iZLpUlBSLNbiIz8Kg7Dt0tqKBMY=", "last_login": "2022-07-25T05:57:03.134Z", "is_superuser": false, "username": "ameen", "first_name": "ameen", "last_name": "kl", "email": "ameen@example.com", "is_staff": false, "is_active": true, "date_joined": "2022-07-21T11:49:09.572Z", "groups": [], "user_permissions": []}}, {"model": "auth.user", "pk": 9, "fields": {"password": "pbkdf2_sha256$320000$PaJHhdBzKXFeWXVPNSe8GB$eTxwuWDwoUDYa4ZuLEpDwOkXCVR9RzEfVHTC79wVX1Y=", "last_login": "2022-07-21T11:50:03.577Z", "is_superuser": false, "username": "jabir", "first_name": "jabir", "last_name": "mezz", "email": "jabir@example.com", "is_staff": false, "is_active": true, "date_joined": "2022-07-21T11:50:03.000Z", "groups": [], "user_permissions": []}}, {"model": "auth.user", "pk": 10, "fields": {"password": "pbkdf2_sha256$320000$h5eP6uhUzOugwaQx0NVdSr$WCE5eZsmI9r8X2IJ3gub843kodsMw8FNA/1bAPdF9Ag=", "last_login": "2022-07-21T11:51:39.676Z", "is_superuser": false, "username": "jinas", "first_name": "jinas", "last_name": "cp", "email": "jinas@example.com", "is_staff": false, "is_active": true, "date_joined": "2022-07-21T11:51:39.096Z", "groups": [], "user_permissions": []}}, {"model": "auth.user", "pk": 11, "fields": {"password": "pbkdf2_sha256$320000$iKSN2jFBMNzTlrqFcKCBmn$7nj71vOLmH/l1vyLYER4M0OJp0COZFya/S5PL2PWN4Y=", "last_login": "2022-07-21T11:52:49.313Z", "is_superuser": false, "username": "thabsheer", "first_name": "thabsheer", "last_name": "pk", "email": "thabsheer@example.com", "is_staff": false, "is_active": true, "date_joined": "2022-07-21T11:52:48.767Z", "groups": [], "user_permissions": []}}, {"model": "auth.user", "pk": 12, "fields": {"password": "pbkdf2_sha256$320000$RvsLOQu7u5zf3P3bim9kGQ$9kjdcz2ZsoIpUdCe1xVicbBIlTHUcs3B9w3/iJ6Dalo=", "last_login": "2022-07-21T11:53:58.331Z", "is_superuser": false, "username": "shamil", "first_name": "shamil", "last_name": "tp", "email": "shamil@example.com", "is_staff": false, "is_active": true, "date_joined": "2022-07-21T11:53:57.742Z", "groups": [], "user_permissions": []}}, {"model": "auth.user", "pk": 13, "fields": {"password": "pbkdf2_sha256$320000$RMVRGYGuRlCQsLkzLqvoEv$eAjVZVuKZwZxTjbWGUzY7t8jk11jYJxs9t2EAMRyEFY=", "last_login": "2022-07-21T11:55:45.548Z", "is_superuser": false, "username": "habeeb", "first_name": "habeeb", "last_name": "t", "email": "habeeb@example.com", "is_staff": false, "is_active": true, "date_joined": "2022-07-21T11:55:45.000Z", "groups": [], "user_permissions": []}}, {"model": "auth.user", "pk": 14, "fields": {"password": "pbkdf2_sha256$320000$0DoTwJmnM7XLiSg5mTavVl$m/Kux72jNLgvbH4scaCU+d0UbMwdFd+lYTsSMZiyCRg=", "last_login": "2022-07-21T11:57:25.994Z", "is_superuser": false, "username": "anshid", "first_name": "anshid", "last_name": "nbr", "email": "anshid@example.com", "is_staff": false, "is_active": true, "date_joined": "2022-07-21T11:57:25.456Z", "groups": [], "user_permissions": []}}, {"model": "auth.user", "pk": 15, "fields": {"password": "pbkdf2_sha256$320000$K2kWbyEXutJ5WLEe6JUCrt$J4Q/sUN8cvB6B35RcfaeNE7dQsndPU3UmPLTfiuZKnA=", "last_login": "2022-07-24T08:30:38.825Z", "is_superuser": false, "username": "ayan", "first_name": "ayan", "last_name": "talrop", "email": "ayan@example.com", "is_staff": false, "is_active": true, "date_joined": "2022-07-24T08:29:04.734Z", "groups": [], "user_permissions": []}}, {"model": "contenttypes.contenttype", "pk": 1, "fields": {"app_label": "admin", "model": "logentry"}}, {"model": "contenttypes.contenttype", "pk": 2, "fields": {"app_label": "auth", "model": "permission"}}, {"model": "contenttypes.contenttype", "pk": 3, "fields": {"app_label": "auth", "model": "group"}}, {"model": "contenttypes.contenttype", "pk": 4, "fields": {"app_label": "auth", "model": "user"}}, {"model": "contenttypes.contenttype", "pk": 5, "fields": {"app_label": "contenttypes", "model": "contenttype"}}, {"model": "contenttypes.contenttype", "pk": 6, "fields": {"app_label": "sessions", "model": "session"}}, {"model": "contenttypes.contenttype", "pk": 7, "fields": {"app_label": "posts", "model": "posts"}}, {"model": "contenttypes.contenttype", "pk": 8, "fields": {"app_label": "posts", "model": "author"}}, {"model": "contenttypes.contenttype", "pk": 9, "fields": {"app_label": "posts", "model": "category"}}, {"model": "sessions.session", "pk": "2z7vjekcj1iqztaanegi9upgavbx277z", "fields": {"session_data": ".eJxVjMsOwiAQRf-FtSHDq4BL934DGRiQqoGktCvjv2uTLnR7zzn3xQJuaw3byEuYiZ2ZYKffLWJ65LYDumO7dZ56W5c58l3hBx382ik_L4f7d1Bx1G-NLloZC2onaRKKiksEWuikEB1MCGhAEKgsvRUZpAUyHqyPOapiPLL3B-YMN7Y:1oE2qN:YeCDnKLEcjZMQq_tv4Marng2CxniGWghv-7D_M9P9PI", "expire_date": "2022-08-03T06:05:59.504Z"}}, {"model": "sessions.session", "pk": "iz16sm1eww8yygfv40rj0pszyuz1b62t", "fields": {"session_data": ".eJxVjDkOwjAUBe_iGlneHVPScwbLfzEOoESKkwpxd4iUAto3M-8lctnWlrfOSx5JnIV24vQ7QsEHTzuhe5lus8R5WpcR5K7Ig3Z5nYmfl8P9O2ilt2_N2lavvOJg0RsCbePgIFRMDE5Vl3TCgYyPFhBNUeydI4wq2EKBEMT7AwKhOFk:1oEUo2:pk5FNzobreWVgr_yYX6fM-GQ4XtghwjPAHc0VaVgALM", "expire_date": "2022-08-04T11:57:26.008Z"}}, {"model": "sessions.session", "pk": "mzx9ucf722la3os7k92lmkg3qt53v040", "fields": {"session_data": ".eJxVjDsOwyAQBe9CHSG-AlKmzxkQyy7BSQSSsSsrd4-QXCTtm5l3sJj2rcZ90BoXZFcmLbv8jpDyi9ok-Ezt0XnubVsX4FPhJx383pHet9P9O6hp1FmDBu9L8A4yBDDFFKeNDGiSSB61sE6RMJKsNMp6QUVDyIQkghKoLft8ARQlOAk:1oFX0Y:SOK4AZBeMhgyyWEdwIpB-7Mp_FHznSkJlmc6uV-l2W8", "expire_date": "2022-08-07T08:30:38.838Z"}}, {"model": "sessions.session", "pk": "r5lougsir4ik0z9s89q3t4kp5a1t9ona", "fields": {"session_data": ".eJxVjMsOwiAQRf-FtSHAMIAu3fsNZHhJ1UBS2pXx322TLnR7zzn3zTytS_XryLOfErswy06_W6D4zG0H6UHt3nnsbZmnwHeFH3TwW0_5dT3cv4NKo271WUBOpNAKiIjRoUaVgTRqYxwEKcBqoyUo7QygkQmKwE0AlI5KKuzzBaUkNk4:1oFvEC:wfI7VtM0iEuZTUbJc2i36hBIn2ajFRIu_JfCt_LK5dA", "expire_date": "2022-08-08T10:22:20.348Z"}}, {"model": "posts.author", "pk": 1, "fields": {"name": "pro basi", "user": 1}}, {"model": "posts.author", "pk": 2, "fields": {"name": "akshay", "user": 4}}, {"model": "posts.author", "pk": 3, "fields": {"name": "shijah", "user": 5}}, {"model": "posts.author", "pk": 4, "fields": {"name": "Basi", "user": 6}}, {"model": "posts.author", "pk": 5, "fields": {"name": "faseen", "user": 7}}, {"model": "posts.author", "pk": 6, "fields": {"name": "ameen", "user": 8}}, {"model": "posts.author", "pk": 7, "fields": {"name": "jabir", "user": 9}}, {"model": "posts.author", "pk": 8, "fields": {"name": "jinas", "user": 10}}, {"model": "posts.author", "pk": 9, "fields": {"name": "thabsheer", "user": 11}}, {"model": "posts.author", "pk": 10, "fields": {"name": "shamil", "user": 12}}, {"model": "posts.author", "pk": 11, "fields": {"name": "habeeb", "user": 13}}, {"model": "posts.author", "pk": 12, "fields": {"name": "anshid", "user": 14}}, {"model": "posts.author", "pk": 13, "fields": {"name": "ayan", "user": 15}}, {"model": "posts.category", "pk": 1, "fields": {"title": "technology"}}, {"model": "posts.category", "pk": 2, "fields": {"title": "programming"}}, {"model": "posts.category", "pk": 3, "fields": {"title": "coding"}}, {"model": "posts.category", "pk": 4, "fields": {"title": "debugging"}}, {"model": "posts.category", "pk": 5, "fields": {"title": "communication"}}, {"model": "posts.category", "pk": 6, "fields": {"title": ""}}, {"model": "posts.category", "pk": 7, "fields": {"title": "sofrskill"}}, {"model": "posts.category", "pk": 8, "fields": {"title": "softskill"}}, {"model": "posts.category", "pk": 9, "fields": {"title": "htnl"}}, {"model": "posts.category", "pk": 10, "fields": {"title": "css"}}, {"model": "posts.category", "pk": 11, "fields": {"title": "js"}}, {"model": "posts.category", "pk": 12, "fields": {"title": "html"}}, {"model": "posts.category", "pk": 13, "fields": {"title": "datascience"}}, {"model": "posts.category", "pk": 14, "fields": {"title": "react"}}, {"model": "posts.category", "pk": 15, "fields": {"title": "django"}}, {"model": "posts.category", "pk": 16, "fields": {"title": "reactnative"}}, {"model": "posts.category", "pk": 17, "fields": {"title": "angular"}}, {"model": "posts.category", "pk": 18, "fields": {"title": "php"}}, {"model": "posts.category", "pk": 19, "fields": {"title": "data-science"}}, {"model": "posts.posts", "pk": 6, "fields": {"title": "Akshay's Blog", "short_description": "On the other hand, technical blogging is more audience-focused. A technical blogger is a content writer that focuses on delivering high-quality articles that engages their audience and brings traffic to their business' website", "description": "<p>On the other hand, technical blogging is&nbsp;<strong>more audience-focused</strong>. A technical blogger is a content writer that focuses on delivering high-quality articles that engages their audience and brings traffic to their business&#39; website</p>", "time_to_read": "1 min", "featured_image": "posts/akshay_UOPsB6e.jpg", "is_draft": false, "author": 2, "published_date": "2022-07-21", "is_deleted": false, "categories": [1, 2, 3, 4]}}, {"model": "posts.posts", "pk": 7, "fields": {"title": "Shijah's Blog", "short_description": "Who pays the blogger? In most cases, the ad network a blogger is associated with pays the blogger a monthly income. Occasionally, brands will reach out directly to a blogger to place an ad on the blog. In that case, the brand would negotiate a rate and pay the blogger directly.", "description": "<p>Who pays the blogger? In most cases,&nbsp;<strong>the ad network a blogger is associated with pays the blogger a monthly income</strong>. Occasionally, brands will reach out directly to a blogger to place an ad on the blog. In that case, the brand would negotiate a rate and pay the blogger directly.</p>", "time_to_read": "2 min", "featured_image": "posts/sija_ElByOqg.jpg", "is_draft": false, "author": 3, "published_date": "2022-07-21", "is_deleted": false, "categories": [1, 2, 3]}}, {"model": "posts.posts", "pk": 8, "fields": {"title": "Basi's Blog", "short_description": "Technically, there is no official minimum for blog post length, though Yoast recommends at least 300 words. That said, HubSpot data suggests writing longer posts should be the rule rather than the exception for your blog", "description": "<p>Technically, there is no official minimum for blog post length, though Yoast recommends&nbsp;<strong>at least 300 words</strong>. That said, HubSpot data suggests writing longer posts should be the rule rather than the exception for your blog</p>", "time_to_read": "5 min", "featured_image": "posts/basi_MWH7qGQ.jpg", "is_draft": false, "author": 4, "published_date": "2022-07-21", "is_deleted": false, "categories": [5]}}, {"model": "posts.posts", "pk": 9, "fields": {"title": "Faseen's Blog (edited)", "short_description": "Lorem Ipsum is simply dummy text of the printing and typesetting industry. Lorem Ipsum has been the industry's standard dummy text ever since the 1500s, when an unknown printer took a galley of type and scrambled it to make a type specimen book. It has survived not only five centuries, but also the leap into electronic typesetting, remaining essentially unchanged. It was popularised in the 1960s with the release of Letraset sheets containing Lorem Ipsum passages, and more recently with desktop publishing software like Aldus PageMaker including versions of Lorem Ipsum.", "description": "<p><strong>Lorem Ipsum</strong>&nbsp;is simply dummy text of the printing and typesetting industry. Lorem Ipsum has been the industry&#39;s standard dummy text ever since the 1500s, when an unknown printer took a galley of type and scrambled it to make a type specimen book. It has survived not only five centuries, but also the leap into electronic typesetting, remaining essentially unchanged. It was popularised in the 1960s with the release of Letraset sheets containing Lorem Ipsum passages, and more recently with desktop publishing software like Aldus PageMaker including versions of Lorem Ipsum.</p>", "time_to_read": "8 min", "featured_image": "posts/user.png", "is_draft": false, "author": 5, "published_date": "2022-07-21", "is_deleted": true, "categories": [1, 2, 4, 5, 8, 19]}}, {"model": "posts.posts", "pk": 10, "fields": {"title": "Ameen's Blog", "short_description": "Lorem Ipsum is simply dummy text of the printing and typesetting industry. Lorem Ipsum has been the industry's standard dummy text ever since the 1500s, when an unknown printer took a galley of type and scrambled it to make a type specimen book. It has survived not only five centuries, but also the leap into electronic typesetting, remaining essentially unchanged. It was popularised in the 1960s with the release of Letraset sheets containing Lorem Ipsum passages, and more recently with desktop publishing software like Aldus PageMaker including versions of Lorem Ipsum.", "description": "<p><strong>Lorem Ipsum</strong>&nbsp;is simply dummy text of the printing and typesetting industry. Lorem Ipsum has been the industry&#39;s standard dummy text ever since the 1500s, when an unknown printer took a galley of type and scrambled it to make a type specimen book. It has survived not only five centuries, but also the leap into electronic typesetting, remaining essentially unchanged. It was popularised in the 1960s with the release of Letraset sheets containing Lorem Ipsum passages, and more recently with desktop publishing software like Aldus PageMaker including versions of Lorem Ipsum.</p>", "time_to_read": "6 min", "featured_image": "posts/user1.png", "is_draft": false, "author": 6, "published_date": "2022-07-21", "is_deleted": false, "categories": [1, 2, 3]}}, {"model": "posts.posts", "pk": 11, "fields": {"title": "Jabir's Blog", "short_description": "Lorem Ipsum is simply dummy text of the printing and typesetting industry. Lorem Ipsum has been the industry's standard dummy text ever since the 1500s, when an unknown printer took a galley of type and scrambled it to make a type specimen book. It has survived not only five centuries, but also the leap into electronic typesetting, remaining essentially unchanged. It was popularised in the 1960s with the release of Letraset sheets containing Lorem Ipsum passages, and more recently with desktop publishing software like Aldus PageMaker including versions of Lorem Ipsum.", "description": "<p><strong>Lorem Ipsum</strong>&nbsp;is simply dummy text of the printing and typesetting industry. Lorem Ipsum has been the industry&#39;s standard dummy text ever since the 1500s, when an unknown printer took a galley of type and scrambled it to make a type specimen book. It has survived not only five centuries, but also the leap into electronic typesetting, remaining essentially unchanged. It was popularised in the 1960s with the release of Letraset sheets containing Lorem Ipsum passages, and more recently with desktop publishing software like Aldus PageMaker including versions of Lorem Ipsum.</p>", "time_to_read": "8 min", "featured_image": "posts/user3.png", "is_draft": false, "author": 7, "published_date": "2022-07-21", "is_deleted": false, "categories": [1, 2, 3, 5, 9, 10, 11]}}, {"model": "posts.posts", "pk": 12, "fields": {"title": "Jinas's Blog", "short_description": "Lorem Ipsum is simply dummy text of the printing and typesetting industry. Lorem Ipsum has been the industry's standard dummy text ever since the 1500s, when an unknown printer took a galley of type and scrambled it to make a type specimen book. It has survived not only five centuries, but also the leap into electronic typesetting, remaining essentially unchanged. It was popularised in the 1960s with the release of Letraset sheets containing Lorem Ipsum passages, and more recently with desktop publishing software like Aldus PageMaker including versions of Lorem Ipsum.", "description": "<p><strong>Lorem Ipsum</strong>&nbsp;is simply dummy text of the printing and typesetting industry. Lorem Ipsum has been the industry&#39;s standard dummy text ever since the 1500s, when an unknown printer took a galley of type and scrambled it to make a type specimen book. It has survived not only five centuries, but also the leap into electronic typesetting, remaining essentially unchanged. It was popularised in the 1960s with the release of Letraset sheets containing Lorem Ipsum passages, and more recently with desktop publishing software like Aldus PageMaker including versions of Lorem Ipsum.</p>", "time_to_read": "10 min", "featured_image": "posts/user_Xk9eLiZ.png", "is_draft": false, "author": 8, "published_date": "2022-07-21", "is_deleted": false, "categories": [1, 2, 3, 10, 12, 13]}}, {"model": "posts.posts", "pk": 13, "fields": {"title": "Thabsheers's Blog", "short_description": "It is a long established fact that a reader will be distracted by the readable content of a page when looking at its layout. The point of using Lorem Ipsum is that it has a more-or-less normal distribution of letters, as opposed to using 'Content here, content here', making it look like readable English. Many desktop publishing packages and web page editors now use Lorem Ipsum as their default model text, and a search for 'lorem ipsum' will uncover many web sites still in their infancy. Various versions have evolved over the years, sometimes by accident, sometimes on purpose (injected humour and the like).", "description": "<p>It is a long established fact that a reader will be distracted by the readable content of a page when looking at its layout. The point of using Lorem Ipsum is that it has a more-or-less normal distribution of letters, as opposed to using &#39;Content here, content here&#39;, making it look like readable English. Many desktop publishing packages and web page editors now use Lorem Ipsum as their default model text, and a search for &#39;lorem ipsum&#39; will uncover many web sites still in their infancy. Various versions have evolved over the years, sometimes by accident, sometimes on purpose (injected humour and the like).</p>", "time_to_read": "8 min", "featured_image": "posts/user_UwwuAnD.png", "is_draft": false, "author": 9, "published_date": "2022-07-21", "is_deleted": false, "categories": [1, 2, 3, 10, 12, 14]}}, {"model": "posts.posts", "pk": 14, "fields": {"title": "Shamil's Blog", "short_description": "It is a long established fact that a reader will be distracted by the readable content of a page when looking at its layout. The point of using Lorem Ipsum is that it has a more-or-less normal distribution of letters, as opposed to using 'Content here, content here', making it look like readable English. Many desktop publishing packages and web page editors now use Lorem Ipsum as their default model text, and a search for 'lorem ipsum' will uncover many web sites still in their infancy. Various versions have evolved over the years, sometimes by accident, sometimes on purpose (injected humour and the like).", "description": "<p>It is a long established fact that a reader will be distracted by the readable content of a page when looking at its layout. The point of using Lorem Ipsum is that it has a more-or-less normal distribution of letters, as opposed to using &#39;Content here, content here&#39;, making it look like readable English. Many desktop publishing packages and web page editors now use Lorem Ipsum as their default model text, and a search for &#39;lorem ipsum&#39; will uncover many web sites still in their infancy. Various versions have evolved over the years, sometimes by accident, sometimes on purpose (injected humour and the like).</p>", "time_to_read": "5 min", "featured_image": "posts/images.png", "is_draft": false, "author": 10, "published_date": "2022-07-21", "is_deleted": false, "categories": [1, 2, 3, 10, 11, 14, 15, 16]}}, {"model": "posts.posts", "pk": 15, "fields": {"title": "Habeeb's Blog", "short_description": "It is a long established fact that a reader will be distracted by the readable content of a page when looking at its layout. The point of using Lorem Ipsum is that it has a more-or-less normal distribution of letters, as opposed to using 'Content here, content here', making it look like readable English. Many desktop publishing packages and web page editors now use Lorem Ipsum as their default model text, and a search for 'lorem ipsum' will uncover many web sites still in their infancy. Various versions have evolved over the years, sometimes by accident, sometimes on purpose (injected humour and the like).", "description": "<p>It is a long established fact that a reader will be distracted by the readable content of a page when looking at its layout. The point of using Lorem Ipsum is that it has a more-or-less normal distribution of letters, as opposed to using &#39;Content here, content here&#39;, making it look like readable English. Many desktop publishing packages and web page editors now use Lorem Ipsum as their default model text, and a search for &#39;lorem ipsum&#39; will uncover many web sites still in their infancy. Various versions have evolved over the years, sometimes by accident, sometimes on purpose (injected humour and the like).</p>", "time_to_read": "8 min", "featured_image": "posts/1000_F_285748624_QbxcezPsRM6TVPM3aPTGzjzov7EDy0WF.jpg", "is_draft": false, "author": 11, "published_date": "2022-07-21", "is_deleted": false, "categories": [1, 2, 3, 10, 14, 15]}}, {"model": "posts.posts", "pk": 16, "fields": {"title": "Anshid's Blog", "short_description": "It is a long established fact that a reader will be distracted by the readable content of a page when looking at its layout. The point of using Lorem Ipsum is that it has a more-or-less normal distribution of letters, as opposed to using 'Content here, content here', making it look like readable English. Many desktop publishing packages and web page editors now use Lorem Ipsum as their default model text, and a search for 'lorem ipsum' will uncover many web sites still in their infancy. Various versions have evolved over the years, sometimes by accident, sometimes on purpose (injected humour and the like).", "description": "<p>It is a long established fact that a reader will be distracted by the readable content of a page when looking at its layout. The point of using Lorem Ipsum is that it has a more-or-less normal distribution of letters, as opposed to using &#39;Content here, content here&#39;, making it look like readable English. Many desktop publishing packages and web page editors now use Lorem Ipsum as their default model text, and a search for &#39;lorem ipsum&#39; will uncover many web sites still in their infancy. Various versions have evolved over the years, sometimes by accident, sometimes on purpose (injected humour and the like).</p>", "time_to_read": "8 min", "featured_image": "posts/159470802-jurist-avatar-icon-flat-style.webp", "is_draft": false, "author": 12, "published_date": "2022-07-21", "is_deleted": false, "categories": [1, 2, 3, 10, 12, 14, 17, 18]}}, {"model": "posts.posts", "pk": 17, "fields": {"title": "hello world", "short_description": "this is edited post", "description": "<p>this is edited post</p>", "time_to_read": "8 min", "featured_image": "posts/Screenshot_390.png", "is_draft": false, "author": 1, "published_date": "2022-07-24", "is_deleted": false, "categories": [1, 2, 3]}}, {"model": "posts.posts", "pk": 18, "fields": {"title": "hello", "short_description": "hello", "description": "<p>hello</p>", "time_to_read": "8 min", "featured_image": "posts/Screenshot_400.png", "is_draft": false, "author": 1, "published_date": "2022-07-24", "is_deleted": false, "categories": [1, 2, 3]}}, {"model": "posts.posts", "pk": 19, "fields": {"title": "Blogger's Revenue", "short_description": "Who pays the blogger? In most cases, the ad network a blogger is associated with pays the blogger a monthly income. Occasionally, brands will reach out directly to a blogger to place an ad on the blog. In that case, the brand would negotiate a rate and pay the blogger directly.", "description": "<p>Who pays the blogger? In most cases, the ad network a blogger is associated with pays the blogger a monthly income. Occasionally, brands will reach out directly to a blogger to place an ad on the blog. In that case, the brand would negotiate a rate and pay the blogger directly.</p>", "time_to_read": "6 min", "featured_image": "posts/domenico-loia-hGV2TfOh0ns-unsplash.jpg", "is_draft": false, "author": 1, "published_date": "2022-07-25", "is_deleted": false, "categories": [1, 2, 3]}}, {"model": "posts.posts", "pk": 20, "fields": {"title": "Technical Blogger", "short_description": "On the other hand, technical blogging is more audience-focused. A technical blogger is a content writer that focuses on delivering high-quality articles that engages their audience and brings traffic to their business' website", "description": "<p>On the other hand, technical blogging is more audience-focused. A technical blogger is a content writer that focuses on delivering high-quality articles that engages their audience and brings traffic to their business&#39; website</p>", "time_to_read": "8 min", "featured_image": "posts/daniel-korpai-bOKIptPzdPk-unsplash.jpg", "is_draft": false, "author": 1, "published_date": "2022-07-25", "is_deleted": false, "categories": [1, 2, 3]}}, {"model": "posts.posts", "pk": 21, "fields": {"title": "hello", "short_description": "href=\"{% url 'posts:delete_post' id=instance.id %}\"", "description": "<p>hello</p>", "time_to_read": "8 min", "featured_image": "posts/photo_2022-07-13_23-43-33.jpg", "is_draft": false, "author": 1, "published_date": "2022-07-25", "is_deleted": true, "categories": [1, 2, 3]}}, {"model": "posts.posts", "pk": 22, "fields": {"title": "hello", "short_description": "hello", "description": "<p>hello</p>", "time_to_read": "8 min", "featured_image": "posts/mob.jpg", "is_draft": false, "author": 5, "published_date": "2022-07-25", "is_deleted": true, "categories": [1, 2, 3]}}]